source,n_operations,flexibility,duration_variety,n_machines,n_jobs,average_operations_per_job,d_max,d_min,d_distinct,d_unique,d_shared,d_average,n_worker
Behnke10,100,0.15826666666666667,0.002632687447346251,20,20,5.0,33,9,25,0,25,20.37120893007582,30
Behnke11,250,0.16169333333333336,0.0010307578131442236,20,50,5.0,33,9,25,0,25,19.742104395151316,30
Behnke12,250,0.17018666666666665,0.0009793168285803823,20,50,5.0,33,9,25,0,25,19.89701504230649,30
Behnke13,250,0.1653,0.001008267795926598,20,50,5.0,33,9,25,0,25,19.977011494252874,30
Behnke14,250,0.16223333333333334,0.001027326895418122,20,50,5.0,33,9,25,0,25,19.922046435175673,30
Behnke15,250,0.16081333333333334,0.0010363983085979603,20,50,5.0,33,9,25,0,25,19.648204958129508,30
Behnke16,500,0.16782333333333332,0.0004965539158241802,20,100,5.0,33,9,25,0,25,20.406935865096234,30
Behnke17,500,0.16294666666666666,0.0005114147778414205,20,100,5.0,33,9,25,0,25,19.85886997790688,30
Behnke18,500,0.16305333333333333,0.000511080219151198,20,100,5.0,33,9,25,0,25,19.989901054869573,30
Behnke19,500,0.16657666666666665,0.0005002701458787746,20,100,5.0,33,9,25,0,25,19.935565205210814,30
Behnke1,50,0.16416666666666666,0.005076142131979695,20,10,5.0,33,9,25,0,25,19.92040609137056,30
Behnke20,500,0.16378666666666666,0.000508791924454575,20,100,5.0,33,9,25,0,25,20.032562683165093,30
Behnke21,50,0.1925916666666667,0.0010817359698844706,40,10,5.0,33,9,25,0,25,19.365237332871793,60
Behnke22,50,0.16355,0.0012738204422704576,40,10,5.0,33,9,25,0,25,20.802099256088862,60
Behnke23,50,0.17028333333333334,0.0012234511108936087,40,10,5.0,33,9,25,0,25,19.893461877263384,60
Behnke24,50,0.13773333333333335,0.0015125847047434656,40,10,5.0,33,9,25,0,25,20.274080348499517,60
Behnke25,50,0.14079166666666665,0.001479727730097662,40,10,5.0,33,9,25,0,25,19.952767090855282,60
Behnke26,100,0.15927916666666667,0.0006539880189394931,40,20,5.0,33,9,25,0,25,19.49891437988856,60
Behnke27,100,0.15294583333333334,0.000681069005911679,40,20,5.0,33,9,25,0,25,20.21445500858147,60
Behnke28,100,0.17762083333333334,0.0005864552300077412,40,20,5.0,33,9,25,0,25,19.82957611015975,60
Behnke29,100,0.17607916666666665,0.0005915899571688871,40,20,5.0,33,9,25,0,25,19.92030100097021,60
Behnke2,50,0.17683333333333331,0.00471253534401508,20,10,5.0,33,9,25,0,25,20.28162111215834,30
Behnke30,100,0.16140416666666668,0.0006453778041665591,40,20,5.0,33,9,25,0,25,20.232000413041796,60
Behnke31,250,0.16221166666666667,0.00025686602895393876,40,50,5.0,33,9,25,0,25,19.989766457406475,60
Behnke32,250,0.15403666666666666,0.00027049836618986823,40,50,5.0,33,9,25,0,25,19.775789314232544,60
Behnke33,250,0.15694333333333332,0.00026548860522906357,40,50,5.0,33,9,25,0,25,19.84911751587622,60
Behnke34,250,0.153545,0.00027136452939963314,40,50,5.0,33,9,25,0,25,19.79686736787261,60
Behnke35,250,0.15734499999999998,0.0002648108720751639,40,50,5.0,33,9,25,0,25,19.824335059900218,60
Behnke36,500,0.15735916666666666,0.00013239351589516553,40,100,5.0,33,9,25,0,25,19.853715756417113,60
Behnke37,500,0.1546325,0.00013472803798252847,40,100,5.0,33,9,25,0,25,20.22108871032933,60
Behnke38,500,0.16344583333333332,0.00012746322685905115,40,100,5.0,33,9,25,0,25,20.00517500701048,60
Behnke39,500,0.1591875,0.00013087292239235702,40,100,5.0,33,9,25,0,25,20.077633817563147,60
Behnke3,50,0.15806666666666666,0.005272037115141291,20,10,5.0,33,9,25,0,25,20.081822016026994,30
Behnke40,500,0.15271833333333334,0.00013641671486723926,40,100,5.0,33,9,25,0,25,19.914286649714615,60
Behnke41,50,0.18830370370370372,0.0004917194445537154,60,10,5.0,33,9,25,0,25,20.112033358247118,90
Behnke42,50,0.1361,0.0006803276457942145,60,10,5.0,33,9,25,0,25,19.659128636351266,90
Behnke43,50,0.16557407407407407,0.0005592215635834918,60,10,5.0,33,9,25,0,25,20.002371099429595,90
Behnke44,50,0.16547407407407405,0.0005595595147499888,60,10,5.0,33,9,25,0,25,19.699113657728635,90
Behnke45,50,0.17088888888888887,0.000541829215431296,60,10,5.0,33,9,25,0,25,19.96350238404855,90
Behnke46,100,0.13361666666666666,0.000346485939600571,60,20,5.0,33,9,25,0,25,19.968705389935277,90
Behnke47,100,0.15577962962962963,0.00029719095112992,60,20,5.0,33,9,25,0,25,20.103672091392163,90
Behnke48,100,0.14721111111111113,0.0003144891438347548,60,20,5.0,33,9,25,0,25,20.244735451732208,90
Behnke49,100,0.1502888888888889,0.00030804869633791707,60,20,5.0,33,9,25,0,25,19.788629306520775,90
Behnke4,50,0.1726,0.004828118964851294,20,10,5.0,33,9,25,0,25,20.014098107377364,30
Behnke50,100,0.17469444444444446,0.0002650129856362962,60,20,5.0,33,9,25,0,25,20.00897863995336,90
Behnke51,250,0.15740074074074076,0.00011765204173353224,60,50,5.0,33,9,25,0,25,20.063922707314664,90
Behnke52,250,0.15226444444444442,0.00012162076698920494,60,50,5.0,33,9,25,0,25,19.95302033012741,90
Behnke53,250,0.15709925925925927,0.00011787782199505856,60,50,5.0,33,9,25,0,25,19.99050847777296,90
Behnke54,250,0.14896,0.00012431873334128974,60,50,5.0,33,9,25,0,25,20.18625432629192,90
Behnke55,250,0.14892592592592593,0.00012434717731907486,60,50,5.0,33,9,25,0,25,19.980009947774185,90
Behnke56,500,0.15577592592592593,5.943960341896599e-05,60,100,5.0,33,9,25,0,25,19.975123337177095,90
Behnke57,500,0.15763518518518518,5.873853130176333e-05,60,100,5.0,33,9,25,0,25,19.829155457396944,90
Behnke58,500,0.16339148148148147,5.666916766593299e-05,60,100,5.0,33,9,25,0,25,20.028112440695715,90
Behnke59,500,0.15436592592592593,5.998253308636525e-05,60,100,5.0,33,9,25,0,25,19.882393447028225,90
Behnke5,50,0.1611,0.0051727705358990276,20,10,5.0,33,9,25,0,25,19.768673701634597,30
Behnke60,500,0.1489188888888889,6.217652662025811e-05,60,100,5.0,33,9,25,0,25,19.896023438063473,90
Behnke6,100,0.17385,0.002396702137858307,20,20,5.0,33,9,25,0,25,19.869331799443966,30
Behnke7,100,0.16546666666666668,0.002518130539887188,20,20,5.0,33,9,25,0,25,19.659045124899276,30
Behnke8,100,0.16586666666666666,0.002512057877813505,20,20,5.0,33,9,25,0,25,20.197246784565916,30
Behnke9,100,0.16646666666666665,0.0025030036043251903,20,20,5.0,33,9,25,0,25,20.23097717260713,30
BrandimarteMk10,240,0.10595959595959596,0.003574833174451859,15,20,12.0,130,5,30,10,20,11.376429933269781,22
BrandimarteMk11,179,0.17222665602553872,0.021316033364226137,5,30,5.966666666666667,31,9,23,1,22,18.171455050973123,7
BrandimarteMk12,193,0.07841105354058721,0.010572687224669603,10,30,6.433333333333334,32,9,24,0,24,17.771806167400882,15
BrandimarteMk13,231,0.17976911976911977,0.0038529458982180125,10,30,7.7,32,9,24,0,24,19.798523037405683,15
BrandimarteMk14,277,0.05245596761842249,0.005005213764337852,15,30,9.233333333333333,32,9,24,0,24,19.92179353493222,22
BrandimarteMk15,284,0.10359581732821169,0.002471933257802039,15,30,9.466666666666667,32,9,24,0,24,18.760016479555052,22
BrandimarteMk1,55,0.18585858585858586,0.012681159420289856,6,10,5.5,7,1,7,0,7,4.219202898550725,9
BrandimarteMk2,58,0.3550446998722861,0.006294964028776978,6,10,5.8,7,1,7,0,7,3.865107913669065,9
BrandimarteMk3,150,0.19944444444444445,0.006963788300835654,8,15,10.0,21,1,20,0,20,10.447075208913649,12
BrandimarteMk4,90,0.1372685185185185,0.008431703204047217,8,15,6.0,10,1,10,0,10,5.058178752107926,12
BrandimarteMk5,106,0.2578616352201258,0.009146341463414634,4,15,7.066666666666666,10,5,6,0,6,6.6814024390243905,6
BrandimarteMk6,150,0.1712,0.002596053997923157,10,10,15.0,10,1,10,0,10,5.010903426791277,15
BrandimarteMk7,100,0.31342857142857145,0.019143117593436645,5,20,5.0,21,1,21,0,21,10.043755697356426,7
BrandimarteMk8,225,0.0808,0.0062339567290062336,10,20,11.25,21,5,17,0,17,11.98129812981298,15
BrandimarteMk9,240,0.1356388888888889,0.004915011263567479,10,20,12.0,1667,5,24,7,17,13.643456891255376,15
Hurinksdata10,75,0.11161904761904762,0.29692832764505117,5,15,5.0,105,8,87,18,69,51.86006825938566,7
Hurinksdata11,75,0.12914285714285714,0.2713864306784661,5,15,5.0,104,5,92,14,78,51.882005899705014,7
Hurinksdata12,75,0.11276190476190477,0.2939189189189189,5,15,5.0,104,6,87,15,72,57.04391891891892,7
Hurinksdata13,75,0.1180952380952381,0.3161290322580645,5,15,5.0,106,5,98,18,80,53.958064516129035,7
Hurinksdata14,100,0.11828571428571427,0.23429951690821257,5,20,5.0,104,7,97,10,87,52.59661835748792,7
Hurinksdata15,100,0.11685714285714285,0.23471882640586797,5,20,5.0,108,5,96,7,89,48.701711491442545,7
Hurinksdata16,100,0.10914285714285714,0.24345549738219896,5,20,5.0,105,5,93,12,81,49.79319371727749,7
Hurinksdata17,100,0.10514285714285715,0.25271739130434784,5,20,5.0,102,5,93,14,79,52.94836956521739,7
Hurinksdata18,100,0.11771428571428572,0.24029126213592233,5,20,5.0,106,6,99,9,90,55.657766990291265,7
Hurinksdata19,100,0.05273333333333333,0.12389380530973451,10,10,10.0,107,7,98,4,94,53.07079646017699,15
Hurinksdata1,36,0.09465020576131687,0.05434782608695652,6,6,6.0,11,1,10,0,10,5.298913043478261,9
Hurinksdata20,100,0.055933333333333335,0.12038140643623362,10,10,10.0,105,5,101,2,99,46.98450536352801,15
Hurinksdata21,100,0.056133333333333334,0.1163895486935867,10,10,10.0,105,5,98,4,94,53.6270783847981,15
Hurinksdata22,100,0.054133333333333325,0.11822660098522167,10,10,10.0,106,5,96,4,92,56.224137931034484,15
Hurinksdata23,100,0.051000000000000004,0.134640522875817,10,10,10.0,108,6,103,4,99,57.0078431372549,15
Hurinksdata24,150,0.05351111111111111,0.08637873754152824,10,15,10.0,109,6,104,3,101,54.42774086378738,15
Hurinksdata25,150,0.05315555555555556,0.08528428093645485,10,15,10.0,107,5,102,2,100,49.22826086956522,15
Hurinksdata26,150,0.05062222222222223,0.08955223880597014,10,15,10.0,106,5,102,2,100,52.28533801580333,15
Hurinksdata27,150,0.05302222222222222,0.08633696563285834,10,15,10.0,108,5,103,1,102,50.979044425817264,15
Hurinksdata28,150,0.05377777777777778,0.08512396694214876,10,15,10.0,108,5,103,2,101,51.259504132231406,15
Hurinksdata29,200,0.053566666666666665,0.06347230864965775,10,20,10.0,107,6,102,1,101,51.309271935283135,15
Hurinksdata2,100,0.05106666666666667,0.13185378590078328,10,10,10.0,108,2,101,10,91,52.409921671018274,15
Hurinksdata30,200,0.05346666666666666,0.064214463840399,10,20,10.0,107,5,103,1,102,54.15461346633416,15
Hurinksdata31,200,0.054933333333333334,0.061893203883495146,10,20,10.0,107,5,102,1,101,54.63834951456311,15
Hurinksdata32,200,0.051666666666666666,0.06516129032258064,10,20,10.0,106,5,101,0,101,50.54,15
Hurinksdata33,200,0.056766666666666674,0.060481503229594835,10,20,10.0,107,5,103,1,102,53.40692894891368,15
Hurinksdata34,300,0.05513333333333333,0.041515517936316,10,30,10.0,107,5,103,0,103,50.275292220878676,15
Hurinksdata35,300,0.05162222222222222,0.04476969436074042,10,30,10.0,109,5,104,2,102,55.92294446835988,15
Hurinksdata36,300,0.05551111111111111,0.041633306645316254,10,30,10.0,108,5,104,2,102,51.2742193755004,15
Hurinksdata37,300,0.052755555555555556,0.04380791912384162,10,30,10.0,109,5,104,1,103,51.42670598146588,15
Hurinksdata38,300,0.053200000000000004,0.04344193817878028,10,30,10.0,108,5,104,1,103,50.85505430242272,15
Hurinksdata39,225,0.033912457912457915,0.04011119936457506,15,15,15.0,107,7,101,0,101,53.65210484511517,22
Hurinksdata3,100,0.10714285714285714,0.25333333333333335,5,20,5.0,107,2,95,9,86,54.136,7
Hurinksdata40,225,0.03528619528619528,0.03969465648854962,15,15,15.0,108,5,104,1,103,55.05992366412214,22
Hurinksdata41,225,0.0331986531986532,0.042190669371196754,15,15,15.0,108,5,104,1,103,48.968356997971604,22
Hurinksdata42,225,0.035393939393939394,0.03881278538812785,15,15,15.0,108,5,102,2,100,50.13013698630137,22
Hurinksdata43,225,0.03727946127946128,0.03757225433526012,15,15,15.0,108,5,104,0,104,50.639812138728324,22
Hurinksdata44,100,0.05386666666666667,0.07920792079207921,10,10,10.0,109,46,64,0,64,77.58663366336634,15
Hurinksdata45,100,0.05293333333333334,0.11209068010075567,10,10,10.0,107,19,89,1,88,60.76196473551637,15
Hurinksdata46,300,0.03611111111111111,0.009790209790209791,15,20,15.0,44,10,35,0,35,24.26153846153846,22
Hurinksdata47,300,0.034333333333333334,0.010297146219476317,15,20,15.0,44,10,35,0,35,24.96057664018829,22
Hurinksdata48,300,0.03423232323232323,0.010327530244910003,15,20,15.0,44,10,35,0,35,24.691354381823547,22
Hurinksdata49,55,0.10129870129870129,0.8,5,11,5.0,1067,11,156,129,27,443.16410256410256,7
Hurinksdata4,50,0.11771428571428572,0.3883495145631068,5,10,5.0,107,11,80,24,56,55.849514563106794,7
Hurinksdata50,52,0.14102564102564102,0.8806818181818182,4,13,4.0,1044,11,155,139,16,482.84659090909093,6
Hurinksdata51,60,0.11333333333333334,0.7941176470588235,5,12,5.0,1021,92,189,152,37,435.79411764705884,7
Hurinksdata52,56,0.15178571428571427,0.8235294117647058,4,14,4.0,1081,11,168,142,26,476.37254901960785,6
Hurinksdata53,60,0.08734567901234568,0.8021201413427562,6,10,6.0,1083,11,227,180,47,507.886925795053,9
Hurinksdata54,72,0.061016144349477684,0.7315175097276264,9,8,9.0,1092,20,376,276,100,474.17315175097275,13
Hurinksdata55,49,0.06997084548104957,0.8166666666666667,7,7,7.0,1040,2,196,160,36,484.8541666666667,10
Hurinksdata56,64,0.06412760416666667,0.7588832487309645,8,8,8.0,1050,11,299,225,74,504.9263959390863,12
Hurinksdata57,100,0.056266666666666666,0.11966824644549763,10,10,10.0,108,5,101,1,100,50.60663507109005,15
Hurinksdata58,100,0.05126666666666667,0.12743823146944083,10,10,10.0,107,6,98,2,96,52.981794538361505,15
Hurinksdata59,100,0.05006666666666666,0.13581890812250333,10,10,10.0,108,5,102,4,98,54.198402130492674,15
Hurinksdata5,50,0.112,0.39285714285714285,5,10,5.0,105,13,77,29,48,52.683673469387756,7
Hurinksdata60,100,0.055799999999999995,0.12186379928315412,10,10,10.0,107,5,102,3,99,55.02150537634409,15
Hurinksdata61,100,0.0484,0.13636363636363635,10,10,10.0,105,5,99,4,95,48.95867768595041,15
Hurinksdata62,100,0.052533333333333335,0.1319796954314721,10,10,10.0,109,5,104,5,99,55.18908629441624,15
Hurinksdata63,99,0.05407407407407407,0.0684931506849315,10,10,9.9,62,5,55,5,50,23.408468244084684,15
Hurinksdata64,100,0.05146666666666667,0.13082901554404144,10,10,10.0,106,5,101,3,98,45.90544041450777,15
Hurinksdata65,100,0.054,0.12469135802469136,10,10,10.0,106,5,101,3,98,55.28641975308642,15
Hurinksdata66,100,0.05806666666666667,0.11940298507462686,10,10,10.0,109,5,104,5,99,53.40872560275545,15
Hurinksdata6,50,0.11485714285714284,0.34328358208955223,5,10,5.0,99,7,69,20,49,42.1044776119403,7
Hurinksdata7,50,0.12742857142857142,0.35874439461883406,5,10,5.0,106,5,80,18,62,51.34529147982063,7
Hurinksdata8,50,0.11714285714285713,0.3902439024390244,5,10,5.0,102,5,80,24,56,45.66341463414634,7
Hurinksdata9,75,0.10666666666666667,0.32142857142857145,5,15,5.0,103,7,90,15,75,51.97142857142857,7
Hurinkedata10,75,0.1264761904761905,0.2469879518072289,5,15,5.0,104,7,82,14,68,50.8644578313253,7
Hurinkedata11,75,0.13599999999999998,0.27170868347338933,5,15,5.0,108,5,97,22,75,50.73669467787115,7
Hurinkedata12,75,0.12723809523809523,0.2844311377245509,5,15,5.0,104,6,95,15,80,54.31137724550898,7
Hurinkedata13,75,0.1337142857142857,0.26495726495726496,5,15,5.0,105,5,93,12,81,53.945868945868945,7
Hurinkedata14,100,0.12685714285714286,0.2072072072072072,5,20,5.0,106,7,92,8,84,55.56306306306306,7
Hurinkedata15,100,0.132,0.21212121212121213,5,20,5.0,108,5,98,17,81,48.705627705627705,7
Hurinkedata16,100,0.13485714285714284,0.2076271186440678,5,20,5.0,103,5,98,12,86,56.18008474576271,7
Hurinkedata17,100,0.12228571428571429,0.2266355140186916,5,20,5.0,103,5,97,9,88,52.05373831775701,7
Hurinkedata18,100,0.12914285714285714,0.21460176991150443,5,20,5.0,106,6,97,13,84,53.86283185840708,7
Hurinkedata19,100,0.061733333333333335,0.10691144708423327,10,10,10.0,107,7,99,1,98,55.991360691144706,15
Hurinkedata1,36,0.11728395061728394,0.043859649122807015,6,6,6.0,11,1,10,0,10,4.824561403508772,9
Hurinkedata20,100,0.0626,0.10862619808306709,10,10,10.0,108,5,102,5,97,49.063897763578275,15
Hurinkedata21,100,0.05793333333333333,0.11277330264672036,10,10,10.0,105,5,98,1,97,47.86766398158803,15
Hurinkedata22,100,0.058800000000000005,0.11564625850340136,10,10,10.0,106,5,102,2,100,53.930839002267575,15
Hurinkedata23,100,0.056333333333333326,0.11952662721893491,10,10,10.0,107,5,101,3,98,55.353846153846156,15
Hurinkedata24,150,0.06133333333333333,0.07391304347826087,10,15,10.0,107,6,102,1,101,51.99130434782609,15
Hurinkedata25,150,0.06364444444444445,0.0712290502793296,10,15,10.0,107,5,102,2,100,49.41899441340782,15
Hurinkedata26,150,0.05564444444444444,0.08067092651757188,10,15,10.0,107,5,101,4,97,53.039936102236425,15
Hurinkedata27,150,0.05844444444444445,0.07832699619771863,10,15,10.0,107,5,103,2,101,53.79467680608365,15
Hurinkedata28,150,0.06035555555555555,0.07584683357879234,10,15,10.0,108,5,103,2,101,50.76435935198822,15
Hurinkedata29,200,0.05973333333333334,0.056919642857142856,10,20,10.0,107,6,102,0,102,52.513950892857146,15
Hurinkedata2,100,0.06359999999999999,0.10272536687631027,10,10,10.0,108,2,98,2,96,52.187631027253666,15
Hurinkedata30,200,0.05986666666666667,0.05790645879732739,10,20,10.0,109,5,104,2,102,53.992204899777285,15
Hurinkedata31,200,0.0624,0.05555555555555555,10,20,10.0,108,5,104,0,104,52.738247863247864,15
Hurinkedata32,200,0.05706666666666667,0.06074766355140187,10,20,10.0,109,5,104,4,100,51.39252336448598,15
Hurinkedata33,200,0.06073333333333333,0.0570801317233809,10,20,10.0,108,5,104,1,103,52.2436882546652,15
Hurinkedata34,300,0.05848888888888889,0.03951367781155015,10,30,10.0,108,5,104,1,103,52.51899696048632,15
Hurinkedata35,300,0.0582888888888889,0.03964925657643919,10,30,10.0,108,5,104,2,102,53.47769729317575,15
Hurinkedata36,300,0.059355555555555564,0.038936727817296894,10,30,10.0,108,5,104,3,101,50.311868214152,15
Hurinkedata37,300,0.06315555555555555,0.036593947923997186,10,30,10.0,108,5,104,0,104,49.067206192821956,15
Hurinkedata38,300,0.06142222222222222,0.037264833574529664,10,30,10.0,107,5,103,0,103,51.88712011577424,15
Hurinkedata39,225,0.039690235690235685,0.03529012555140821,15,15,15.0,109,6,104,2,102,52.06515100101799,22
Hurinkedata3,100,0.12971428571428573,0.21145374449339208,5,20,5.0,106,2,96,13,83,51.59911894273128,7
Hurinkedata40,225,0.04057912457912458,0.0345170925987388,15,15,15.0,108,5,104,0,104,54.08330567540657,22
Hurinkedata41,225,0.039595959595959594,0.03503401360544218,15,15,15.0,107,5,103,1,102,50.69965986394558,22
Hurinkedata42,225,0.041656565656565656,0.03362431296475913,15,15,15.0,108,5,104,3,101,50.91432266408018,22
Hurinkedata43,225,0.03832996632996633,0.03619114546732256,15,15,15.0,107,5,103,0,103,50.154602951510896,22
Hurinkedata44,100,0.06393333333333333,0.0667361835245047,10,10,10.0,108,45,64,1,63,77.46402502606882,15
Hurinkedata45,100,0.05926666666666667,0.10123734533183353,10,10,10.0,107,18,90,2,88,59.07874015748032,15
Hurinkedata46,300,0.03996969696969697,0.008845084660096033,15,20,15.0,44,10,35,0,35,24.810715188273946,22
Hurinkedata47,300,0.0406969696969697,0.008687019111442046,15,20,15.0,44,10,35,0,35,25.01662943658476,22
Hurinkedata48,300,0.03968686868686869,0.008908119114278442,15,20,15.0,44,10,35,0,35,24.75260880631204,22
Hurinkedata49,55,0.13766233766233768,0.7886792452830189,5,11,5.0,1093,11,209,167,42,435.70943396226414,7
Hurinkedata4,50,0.132,0.3593073593073593,5,10,5.0,106,11,83,18,65,61.22077922077922,7
Hurinkedata50,52,0.18830128205128205,0.8425531914893617,4,13,4.0,1089,12,198,166,32,492.0042553191489,6
Hurinkedata51,60,0.14047619047619048,0.7898305084745763,5,12,5.0,1058,91,233,184,49,460.08474576271186,7
Hurinkedata52,56,0.1681547619047619,0.8230088495575221,4,14,4.0,1014,11,186,156,30,455.4646017699115,6
Hurinkedata53,60,0.09876543209876543,0.73125,6,10,6.0,1081,11,234,170,64,483.803125,9
Hurinkedata54,72,0.07253086419753087,0.6923076923076923,9,8,9.0,1092,19,423,296,127,486.4124386252046,13
Hurinkedata55,49,0.0892128279883382,0.8104575163398693,7,7,7.0,1032,2,248,205,43,475.23856209150324,10
Hurinkedata56,64,0.0849609375,0.6551724137931034,8,8,8.0,1051,11,342,225,117,474.14367816091954,12
Hurinkedata57,100,0.06013333333333333,0.11086474501108648,10,10,10.0,109,5,100,3,97,55.02549889135255,15
Hurinkedata58,100,0.05486666666666667,0.11907654921020656,10,10,10.0,109,5,98,6,92,51.36573511543135,15
Hurinkedata59,100,0.061799999999999994,0.10895361380798274,10,10,10.0,108,5,101,3,98,52.84789644012945,15
Hurinkedata5,50,0.12971428571428573,0.3656387665198238,5,10,5.0,107,12,83,23,60,50.82378854625551,7
Hurinkedata60,100,0.058866666666666664,0.11211778029445074,10,10,10.0,107,5,99,2,97,56.69875424688562,15
Hurinkedata61,100,0.06206666666666667,0.10633727175080558,10,10,10.0,108,5,99,3,96,49.857142857142854,15
Hurinkedata62,100,0.06113333333333333,0.11232279171210469,10,10,10.0,109,6,103,2,101,56.31624863685932,15
Hurinkedata63,99,0.05973063973063974,0.060879368658399095,10,10,9.9,60,5,54,4,50,24.51183765501691,15
Hurinkedata64,100,0.0624,0.10897435897435898,10,10,10.0,106,5,102,5,97,46.35790598290598,15
Hurinkedata65,100,0.05966666666666666,0.11284916201117319,10,10,10.0,106,5,101,2,99,51.15754189944134,15
Hurinkedata66,100,0.06146666666666667,0.11062906724511931,10,10,10.0,107,5,102,0,102,53.178958785249456,15
Hurinkedata6,50,0.1382857142857143,0.3347107438016529,5,10,5.0,98,6,81,26,55,44.396694214876035,7
Hurinkedata7,50,0.1337142857142857,0.3162393162393162,5,10,5.0,103,5,74,23,51,49.294871794871796,7
Hurinkedata8,50,0.13314285714285715,0.3261802575107296,5,10,5.0,102,5,76,18,58,44.532188841201716,7
Hurinkedata9,75,0.12114285714285715,0.2830188679245283,5,15,5.0,105,7,90,11,79,53.08490566037736,7
Hurinkrdata10,75,0.22742857142857142,0.1574539363484087,5,15,5.0,107,8,94,12,82,49.02010050251256,7
Hurinkrdata11,75,0.21142857142857144,0.17657657657657658,5,15,5.0,107,5,98,7,91,48.13153153153153,7
Hurinkrdata12,75,0.23199999999999998,0.16748768472906403,5,15,5.0,108,6,102,8,94,57.477832512315274,7
Hurinkrdata13,75,0.22895238095238096,0.16306156405990016,5,15,5.0,104,5,98,6,92,51.87853577371048,7
Hurinkrdata14,100,0.22085714285714286,0.12807244501940493,5,20,5.0,107,6,99,2,97,54.152652005174645,7
Hurinkrdata15,100,0.2377142857142857,0.11899038461538461,5,20,5.0,105,5,99,6,93,43.62259615384615,7
Hurinkrdata16,100,0.20942857142857144,0.1377899045020464,5,20,5.0,107,5,101,6,95,50.839017735334245,7
Hurinkrdata17,100,0.2134285714285714,0.13386880856760375,5,20,5.0,106,5,100,2,98,53.506024096385545,7
Hurinkrdata18,100,0.22971428571428568,0.1256218905472637,5,20,5.0,106,6,101,1,100,55.568407960199,7
Hurinkrdata19,100,0.1094,0.062157221206581355,10,10,10.0,107,6,102,2,100,57.921998781230954,15
Hurinkrdata1,36,0.19804526748971193,0.025974025974025976,6,6,6.0,11,1,10,0,10,5.267532467532468,9
Hurinkrdata20,100,0.0986,0.0676132521974307,10,10,10.0,105,5,100,3,97,45.67816091954023,15
Hurinkrdata21,100,0.0998,0.06613226452905811,10,10,10.0,103,5,99,2,97,51.53440213760855,15
Hurinkrdata22,100,0.10273333333333333,0.06489292667099286,10,10,10.0,107,5,100,2,98,51.563919532770925,15
Hurinkrdata23,100,0.10540000000000001,0.06578115117014548,10,10,10.0,109,5,104,1,103,51.72232764073371,15
Hurinkrdata24,150,0.11413333333333334,0.04010903426791277,10,15,10.0,109,7,103,2,101,54.78971962616822,15
Hurinkrdata25,150,0.10919999999999999,0.04151404151404151,10,15,10.0,107,5,102,0,102,50.33903133903134,15
Hurinkrdata26,150,0.11586666666666666,0.0395090141925585,10,15,10.0,107,5,103,1,102,54.081703107019564,15
Hurinkrdata27,150,0.10262222222222221,0.0454742312689476,10,15,10.0,109,5,105,0,105,52.01299263750541,15
Hurinkrdata28,150,0.11217777777777779,0.04120443740095087,10,15,10.0,108,5,104,0,104,50.54160063391442,15
Hurinkrdata29,200,0.1016,0.03412073490813648,10,20,10.0,109,6,104,1,103,53.59776902887139,15
Hurinkrdata2,100,0.10313333333333334,0.06722689075630252,10,10,10.0,109,2,104,4,100,51.656755009696184,15
Hurinkrdata30,200,0.10356666666666667,0.03347280334728033,10,20,10.0,108,5,104,0,104,54.72835532668169,15
Hurinkrdata31,200,0.1066,0.032520325203252036,10,20,10.0,108,5,104,0,104,54.11788617886179,15
Hurinkrdata32,200,0.10566666666666666,0.033123028391167195,10,20,10.0,109,5,105,1,104,49.26277602523659,15
Hurinkrdata33,200,0.10913333333333335,0.031154551007941355,10,20,10.0,107,5,102,2,100,51.12339645693341,15
Hurinkrdata34,300,0.10393333333333334,0.022236476373743853,10,30,10.0,108,5,104,2,102,51.36732948471242,15
Hurinkrdata35,300,0.10371111111111112,0.022498392971930577,10,30,10.0,109,5,105,1,104,54.27062352689094,15
Hurinkrdata36,300,0.10484444444444445,0.02225519287833828,10,30,10.0,109,5,105,1,104,50.36880033912675,15
Hurinkrdata37,300,0.10293333333333334,0.02266839378238342,10,30,10.0,109,5,105,1,104,51.92508635578584,15
Hurinkrdata38,300,0.10857777777777777,0.02128530495292673,10,30,10.0,108,5,104,0,104,52.7818256242325,15
Hurinkrdata39,225,0.06550841750841752,0.021175986842105265,15,15,15.0,108,6,103,2,101,51.5999177631579,22
Hurinkrdata3,100,0.20914285714285716,0.1325136612021858,5,20,5.0,107,2,97,4,93,50.57513661202186,7
Hurinkrdata40,225,0.0668956228956229,0.02073686329776525,15,15,15.0,107,5,103,0,103,55.66337829675861,22
Hurinkrdata41,225,0.06876767676767677,0.020564042303172738,15,15,15.0,109,5,105,0,105,48.78319623971798,22
Hurinkrdata42,225,0.07138047138047139,0.019622641509433963,15,15,15.0,109,5,104,1,103,50.967924528301886,22
Hurinkrdata43,225,0.0674074074074074,0.02097902097902098,15,15,15.0,109,5,105,0,105,50.95464535464536,22
Hurinkrdata44,100,0.10546666666666667,0.04108723135271808,10,10,10.0,109,45,65,0,65,76.85524652338812,15
Hurinkrdata45,100,0.10900000000000001,0.054434250764525995,10,10,10.0,107,18,89,1,88,60.3394495412844,15
Hurinkrdata46,300,0.06615151515151514,0.005344327378225684,15,20,15.0,44,10,35,0,35,24.87463734921362,22
Hurinkrdata47,300,0.06671717171717172,0.005299015897047691,15,20,15.0,44,10,35,0,35,25.38319454958365,22
Hurinkrdata48,300,0.06812121212121212,0.005189798339264531,15,20,15.0,44,10,35,0,35,24.70774021352313,22
Hurinkrdata49,55,0.22285714285714286,0.710955710955711,5,11,5.0,1076,11,305,214,91,478.4079254079254,7
Hurinkrdata4,50,0.23199999999999998,0.22167487684729065,5,10,5.0,104,11,90,9,81,58.01724137931034,7
Hurinkrdata50,52,0.2900641025641026,0.7348066298342542,4,13,4.0,1083,11,266,199,67,443.95580110497235,6
Hurinkrdata51,60,0.21904761904761905,0.7326086956521739,5,12,5.0,1048,94,337,242,95,476.76521739130436,7
Hurinkrdata52,56,0.2916666666666667,0.7295918367346939,4,14,4.0,1090,11,286,213,73,468.0765306122449,6
Hurinkrdata53,60,0.1765432098765432,0.6590909090909091,6,10,6.0,1089,11,377,248,129,480.26573426573424,9
Hurinkrdata54,72,0.11016144349477683,0.584051724137931,9,8,9.0,1097,19,542,320,222,473.2068965517241,13
Hurinkrdata55,49,0.1521865889212828,0.6628352490421456,7,7,7.0,1042,2,346,234,112,498.83141762452107,10
Hurinkrdata56,64,0.13232421875,0.5658056580565806,8,8,8.0,1053,12,460,241,219,513.460024600246,12
Hurinkrdata57,100,0.10579999999999999,0.06364209199747953,10,10,10.0,108,5,101,1,100,54.492753623188406,15
Hurinkrdata58,100,0.10873333333333332,0.061312078479460456,10,10,10.0,108,5,100,2,98,52.81974248927039,15
Hurinkrdata59,100,0.101,0.06666666666666667,10,10,10.0,108,5,101,0,101,52.373597359735975,15
Hurinkrdata5,50,0.21428571428571427,0.232,5,10,5.0,107,11,87,7,80,49.08,7
Hurinkrdata60,100,0.09786666666666667,0.06948228882833787,10,10,10.0,108,5,102,2,100,59.40599455040872,15
Hurinkrdata61,100,0.1098,0.061930783242258654,10,10,10.0,108,5,102,1,101,50.82027929568913,15
Hurinkrdata62,100,0.10673333333333335,0.06433479075577764,10,10,10.0,108,5,103,2,101,54.010618363522795,15
Hurinkrdata63,99,0.11292929292929292,0.035181872391174714,10,10,9.9,64,5,59,3,56,25.264162194394753,15
Hurinkrdata64,100,0.10353333333333332,0.06567933032839665,10,10,10.0,106,5,102,1,101,43.61493882807469,15
Hurinkrdata65,100,0.10246666666666666,0.06701366297983084,10,10,10.0,107,5,103,1,102,52.317501626545216,15
Hurinkrdata66,100,0.10679999999999999,0.06429463171036205,10,10,10.0,108,5,103,0,103,55.66541822721598,15
Hurinkrdata6,50,0.24000000000000002,0.20952380952380953,5,10,5.0,98,6,88,9,79,50.01428571428571,7
Hurinkrdata7,50,0.2337142857142857,0.21271393643031786,5,10,5.0,106,5,87,15,72,52.256723716381416,7
Hurinkrdata8,50,0.2217142857142857,0.2190721649484536,5,10,5.0,103,5,85,9,76,45.425257731958766,7
Hurinkrdata9,75,0.21142857142857144,0.17297297297297298,5,15,5.0,107,8,96,2,94,49.86846846846847,7
Hurinkvdata10,75,0.2841904761904762,0.12466487935656836,5,15,5.0,102,7,93,5,88,51.080428954423596,7
Hurinkvdata11,75,0.2998095238095238,0.12833545108005082,5,15,5.0,105,5,101,3,98,50.984752223634054,7
Hurinkvdata12,75,0.2899047619047619,0.13009198423127463,5,15,5.0,106,7,99,4,95,55.09855453350854,7
Hurinkvdata13,75,0.30628571428571433,0.12437810945273632,5,15,5.0,105,5,100,2,98,51.88059701492537,7
Hurinkvdata14,100,0.29000000000000004,0.10049261083743842,5,20,5.0,107,6,102,4,98,53.135960591133006,7
Hurinkvdata15,100,0.288,0.0992063492063492,5,20,5.0,105,5,100,1,99,47.06150793650794,7
Hurinkvdata16,100,0.27199999999999996,0.10504201680672269,5,20,5.0,105,5,100,5,95,51.77521008403362,7
Hurinkvdata17,100,0.27685714285714286,0.10526315789473684,5,20,5.0,106,5,102,4,98,54.51702786377709,7
Hurinkvdata18,100,0.3008571428571428,0.09876543209876543,5,20,5.0,108,5,104,1,103,53.76068376068376,7
Hurinkvdata19,100,0.2581333333333333,0.02660123966942149,10,10,10.0,108,6,103,0,103,53.40573347107438,15
Hurinkvdata1,36,0.264917695473251,0.019417475728155338,6,6,6.0,11,1,10,0,10,5.306796116504854,9
Hurinkvdata20,100,0.25906666666666667,0.026505404014410705,10,10,10.0,107,5,103,1,102,47.564848172928464,15
Hurinkvdata21,100,0.2607333333333333,0.026080286371771927,10,10,10.0,106,5,102,0,102,53.35054973152646,15
Hurinkvdata22,100,0.2562,0.02654176424668228,10,10,10.0,106,5,102,0,102,54.8287795992714,15
Hurinkvdata23,100,0.2543333333333333,0.0272608125819135,10,10,10.0,108,5,104,0,104,54.53342070773263,15
Hurinkvdata24,150,0.24453333333333332,0.018902217375499818,10,15,10.0,109,6,104,0,104,53.469102144674665,15
Hurinkvdata25,150,0.24213333333333334,0.01908957415565345,10,15,10.0,108,5,104,1,103,50.297540381791485,15
Hurinkvdata26,150,0.23448888888888889,0.019522365428354813,10,15,10.0,107,5,103,0,103,53.90750568612585,15
Hurinkvdata27,150,0.26839999999999997,0.017386984600099353,10,15,10.0,109,5,105,0,105,51.41066401722139,15
Hurinkvdata28,150,0.26195555555555555,0.017645062775704105,10,15,10.0,109,5,104,0,104,49.42704445198507,15
Hurinkvdata29,200,0.2474,0.01401239558070601,10,20,10.0,109,6,104,1,103,52.36661277283751,15
Hurinkvdata2,100,0.2414,0.02872134769400718,10,10,10.0,108,2,104,1,103,49.92156862745098,15
Hurinkvdata30,200,0.2472666666666667,0.014154758695066055,10,20,10.0,109,5,105,1,104,54.10973308169318,15
Hurinkvdata31,200,0.23976666666666668,0.014597525371889337,10,20,10.0,109,5,105,0,105,54.87348811344363,15
Hurinkvdata32,200,0.23843333333333333,0.01467915559904935,10,20,10.0,109,5,105,2,103,49.22214455473228,15
Hurinkvdata33,200,0.25333333333333335,0.01368421052631579,10,20,10.0,108,5,104,0,104,53.675,15
Hurinkvdata34,300,0.24024444444444445,0.009619831652946073,10,30,10.0,108,5,104,0,104,52.29451484599019,15
Hurinkvdata35,300,0.23773333333333332,0.00981491867638811,10,30,10.0,109,5,105,0,105,55.890446812488314,15
Hurinkvdata36,300,0.24431111111111112,0.009550663998544661,10,30,10.0,109,5,105,1,104,50.75377478624704,15
Hurinkvdata37,300,0.24155555555555555,0.009659613615455382,10,30,10.0,109,5,105,0,105,50.99144434222631,15
Hurinkvdata38,300,0.24482222222222225,0.009530725242806572,10,30,10.0,109,5,105,0,105,50.828628483253155,15
Hurinkvdata39,225,0.23579797979797978,0.005940141649531642,15,15,15.0,109,6,104,0,104,51.647246972812425,22
Hurinkvdata3,100,0.2968571428571429,0.09624639076034648,5,20,5.0,108,2,100,3,97,50.83060635226179,7
Hurinkvdata40,225,0.2343299663299663,0.006034829587907351,15,15,15.0,109,5,105,0,105,55.870452324846255,22
Hurinkvdata41,225,0.2307340067340067,0.006128881625029185,15,15,15.0,109,5,105,0,105,51.59496848003736,22
Hurinkvdata42,225,0.22688215488215485,0.006232933634097115,15,15,15.0,109,5,105,0,105,50.78683366971388,22
Hurinkvdata43,225,0.22494276094276092,0.006286672254819782,15,15,15.0,109,5,105,1,104,50.00011974613819,22
Hurinkvdata44,100,0.24800000000000003,0.01747311827956989,10,10,10.0,109,45,65,0,65,79.31935483870967,15
Hurinkvdata45,100,0.21606666666666666,0.028077753779697623,10,10,10.0,108,18,91,1,90,58.75563097809318,15
Hurinkvdata46,300,0.2251010101010101,0.0015705631590756115,15,20,15.0,44,10,35,0,35,24.506214942786627,22
Hurinkvdata47,300,0.2322929292929293,0.001521937644040527,15,20,15.0,44,10,35,0,35,25.41509762142888,22
Hurinkvdata48,300,0.22728282828282828,0.0015554864228256521,15,20,15.0,44,10,35,0,35,24.568552508777387,22
Hurinkvdata49,55,0.3246753246753247,0.6448,5,11,5.0,1098,11,403,258,145,478.2864,7
Hurinkvdata4,50,0.304,0.17105263157894737,5,10,5.0,103,11,91,6,85,54.09398496240601,7
Hurinkvdata50,52,0.3421474358974359,0.7213114754098361,4,13,4.0,1057,11,308,231,77,436.11943793911007,6
Hurinkvdata51,60,0.2857142857142857,0.6666666666666666,5,12,5.0,1035,93,400,264,136,486.32666666666665,7
Hurinkvdata52,56,0.2931547619047619,0.7538071065989848,4,14,4.0,1069,11,297,230,67,495.6776649746193,6
Hurinkvdata53,60,0.2660493827160494,0.5603248259860789,6,10,6.0,1090,11,483,254,229,538.0069605568445,9
Hurinkvdata54,72,0.23160018993352327,0.41158380317785753,9,8,9.0,1099,19,803,292,511,495.0087134802665,13
Hurinkvdata55,49,0.25918367346938775,0.595050618672666,7,7,7.0,1054,2,529,313,216,485.68053993250845,10
Hurinkvdata56,64,0.2737630208333333,0.3745541022592152,8,8,8.0,1059,11,630,210,420,486.9126040428062,12
Hurinkvdata57,100,0.23626666666666665,0.029345372460496615,10,10,10.0,109,5,104,0,104,55.47121896162528,15
Hurinkvdata58,100,0.24053333333333332,0.02827050997782705,10,10,10.0,109,5,102,2,100,52.373337028824835,15
Hurinkvdata59,100,0.26,0.02666666666666667,10,10,10.0,109,5,104,1,103,53.64948717948718,15
Hurinkvdata5,50,0.33199999999999996,0.16351118760757316,5,10,5.0,107,11,95,8,87,50.774526678141136,7
Hurinkvdata60,100,0.2514,0.027313709891275524,10,10,10.0,107,5,103,1,102,58.80747812251392,15
Hurinkvdata61,100,0.259,0.02651222651222651,10,10,10.0,108,5,103,1,102,50.27722007722008,15
Hurinkvdata62,100,0.26286666666666664,0.02662946994674106,10,10,10.0,109,5,105,0,105,57.76388536647223,15
Hurinkvdata63,99,0.25063973063973066,0.01585169263836647,10,10,9.9,64,5,59,3,56,23.042987641053198,15
Hurinkvdata64,100,0.23646666666666666,0.028756695799266985,10,10,10.0,106,5,102,0,102,46.724274034395265,15
Hurinkvdata65,100,0.23986666666666664,0.029182879377431907,10,10,10.0,109,5,105,1,104,51.90105614230128,15
Hurinkvdata66,100,0.2315333333333333,0.02936942124964008,10,10,10.0,107,5,102,0,102,55.17045781744889,15
Hurinkvdata6,50,0.2822857142857143,0.17611336032388664,5,10,5.0,99,6,87,7,80,46.90485829959514,7
Hurinkvdata7,50,0.2611428571428572,0.1925601750547046,5,10,5.0,107,5,88,17,71,49.37199124726477,7
Hurinkvdata8,50,0.2937142857142857,0.188715953307393,5,10,5.0,107,5,97,12,85,50.54280155642024,7
Hurinkvdata9,75,0.28076190476190477,0.13704206241519673,5,15,5.0,107,6,101,1,100,53.04341926729987,7
DPpaulli10,293,0.0842221274175199,0.040523427606585054,8,15,19.533333333333335,106,11,96,4,92,55.968341072182355,12
DPpaulli11,293,0.15479237770193402,0.022278364722094626,8,15,19.533333333333335,108,11,97,1,96,56.57602204869086,12
DPpaulli12,293,0.2689135381114903,0.012956107879428873,8,15,19.533333333333335,107,10,98,1,97,57.04653622421999,12
DPpaulli13,387,0.07002583979328164,0.024846248462484625,10,20,19.35,109,9,101,0,101,56.54883148831488,15
DPpaulli14,387,0.1603789836347976,0.010955961331901182,10,20,19.35,110,9,102,0,102,56.397099892588614,15
DPpaulli15,387,0.27309216192937125,0.00643411341701886,10,20,19.35,110,9,102,0,102,55.526651107045986,15
DPpaulli16,387,0.07369509043927648,0.022907900888265546,10,20,19.35,108,11,98,1,97,55.365591397849464,15
DPpaulli17,387,0.1578466838931955,0.01047691803994325,10,20,19.35,106,11,96,0,96,55.70217177780203,15
DPpaulli18,387,0.2619810508182601,0.006509731720147291,10,20,19.35,108,10,99,0,99,55.20903471856917,15
DPpaulli1,196,0.13163265306122449,0.10852713178294573,5,10,19.6,108,9,98,1,97,57.58361018826135,7
DPpaulli2,196,0.18950437317784258,0.07692307692307693,5,10,19.6,109,9,100,2,98,57.30538461538462,7
DPpaulli3,196,0.31151603498542274,0.047262517547964435,5,10,19.6,110,9,101,1,100,58.352831071595695,7
DPpaulli4,196,0.13061224489795917,0.10379464285714286,5,10,19.6,107,14,93,4,89,56.66517857142857,7
DPpaulli5,196,0.189067055393586,0.07247494217424827,5,10,19.6,107,11,94,3,91,56.245952197378564,7
DPpaulli6,196,0.2944606413994169,0.046534653465346534,5,10,19.6,107,10,94,5,89,58.37772277227723,7
DPpaulli7,293,0.08735068259385666,0.04110704110704111,8,15,19.533333333333335,109,9,101,2,99,56.05982905982906,12
DPpaulli8,293,0.15980517633674632,0.02224694104560623,8,15,19.533333333333335,108,9,100,0,100,56.39933259176863,12
DPpaulli9,293,0.2714377133105802,0.013359528487229863,8,15,19.533333333333335,110,9,102,0,102,57.27347740667977,12
ChambersBarnes10,150,0.0560863697705803,0.05004812319538017,13,15,10.0,109,5,104,2,102,54.17709335899904,19
ChambersBarnes11,150,0.049783950617283954,0.0638561686298822,12,15,10.0,107,5,103,1,102,51.71047737135772,18
ChambersBarnes12,150,0.05433198380566802,0.05116741182314953,13,15,10.0,108,5,103,2,101,53.23298559364133,19
ChambersBarnes13,150,0.05465909090909091,0.07276507276507277,11,15,10.0,109,5,105,2,103,51.383229383229384,16
ChambersBarnes14,150,0.05296296296296296,0.06118881118881119,12,15,10.0,109,5,105,1,104,51.72727272727273,18
ChambersBarnes15,225,0.03626157407407408,0.033514203638684965,16,15,15.0,109,5,105,1,104,51.25087775295244,24
ChambersBarnes16,225,0.03495947712418301,0.031109781633263535,17,15,15.0,108,5,104,0,104,53.434639545318575,25
ChambersBarnes17,225,0.03482395976223136,0.027573529411764705,18,15,15.0,109,5,105,1,104,54.59637605042017,27
ChambersBarnes18,225,0.03536732026143791,0.03075103489059728,17,15,15.0,109,5,104,0,104,54.04021289178001,25
ChambersBarnes19,225,0.03328760859625057,0.028846153846153848,18,15,15.0,109,5,105,2,103,51.97142857142857,27
ChambersBarnes1,100,0.053806818181818185,0.10982048574445617,11,10,10.0,108,2,104,4,100,50.61668426610348,16
ChambersBarnes20,225,0.032476851851851854,0.03706343549536707,16,15,15.0,108,5,104,1,103,50.346756949394155,24
ChambersBarnes21,225,0.03481307189542484,0.03094022228897567,17,15,15.0,107,5,103,0,103,53.241213577650946,25
ChambersBarnes2,100,0.0512037037037037,0.09312839059674503,12,10,10.0,108,2,103,5,98,53.08589511754069,18
ChambersBarnes3,100,0.04967611336032388,0.08312958435207823,13,10,10.0,107,2,102,1,101,53.88997555012225,19
ChambersBarnes4,100,0.05824074074074074,0.08108108108108109,12,10,10.0,108,2,102,3,99,52.61287758346582,18
ChambersBarnes5,100,0.054008097165991906,0.07571214392803598,13,10,10.0,106,2,101,2,99,52.37106446776612,19
ChambersBarnes6,100,0.05329545454545455,0.1044776119402985,11,10,10.0,105,2,98,3,95,51.730277185501066,16
ChambersBarnes7,100,0.04925925925925926,0.09680451127819549,12,10,10.0,107,2,103,5,98,53.149436090225564,18
ChambersBarnes8,150,0.05473484848484848,0.07058823529411765,11,15,10.0,108,5,102,2,100,52.602076124567475,16
ChambersBarnes9,150,0.05703703703703704,0.05627705627705628,12,15,10.0,108,5,104,0,104,52.442640692640694,18
Kacem1,12,0.5785714285714286,0.06584362139917696,5,4,3.0,59,1,16,5,11,5.563786008230453,7
Kacem2,29,0.5812807881773399,0.027966101694915254,7,10,2.9,107,1,33,13,20,6.576271186440678,10
Kacem3,30,0.5293333333333333,0.010075566750629723,10,10,3.0,24,1,24,1,23,5.85936188077246,15
Kacem4,56,0.5384523809523809,0.01459208489940305,10,15,3.7333333333333334,93,1,66,17,49,5.921733362812293,15
Fattahi10,12,0.1595238095238095,0.746268656716418,5,4,3.0,233,56,50,36,14,134.70149253731344,7
Fattahi11,15,0.20246913580246914,0.5914634146341463,6,5,3.0,235,44,97,57,40,120.26219512195122,9
Fattahi12,15,0.20666666666666667,0.5161290322580645,7,5,3.0,270,43,112,54,58,127.38248847926268,10
Fattahi13,18,0.19603174603174603,0.46153846153846156,7,6,3.0,343,47,114,47,67,135.4331983805668,10
Fattahi14,21,0.20340136054421767,0.4782608695652174,7,7,3.0,342,49,143,61,82,150.7190635451505,10
Fattahi15,21,0.22040816326530613,0.49691358024691357,7,7,3.0,348,45,161,78,83,145.08024691358025,10
Fattahi16,24,0.1869047619047619,0.4713375796178344,7,8,3.0,341,43,148,66,82,144.2484076433121,10
Fattahi17,32,0.18169642857142856,0.4520884520884521,7,8,4.0,324,43,184,76,108,153.78378378378378,10
Fattahi18,36,0.17505787037037038,0.34049586776859503,8,9,4.0,346,36,206,73,133,146.37851239669422,12
Fattahi19,44,0.14914772727272727,0.3253968253968254,8,11,4.0,346,36,205,63,142,154.95396825396824,12
Fattahi1,4,0.75,0.7777777777777778,2,2,2.0,71,20,14,10,4,40.05555555555556,3
Fattahi20,48,0.15386284722222224,0.306064880112835,8,12,4.0,393,37,217,68,149,161.61071932299012,12
Fattahi2,4,0.5833333333333334,0.7857142857142857,2,2,2.0,76,23,11,9,2,48.214285714285715,3
Fattahi3,6,0.5555555555555556,0.95,2,3,2.0,141,40,19,18,1,69.45,3
Fattahi4,6,0.47222222222222227,0.8235294117647058,2,3,2.0,165,49,14,11,3,115.11764705882354,3
Fattahi5,6,0.75,0.7407407407407407,2,3,2.0,74,20,20,14,6,42.48148148148148,3
Fattahi6,9,0.35185185185185186,0.868421052631579,3,3,3.0,196,15,33,28,5,87.34210526315789,4
Fattahi7,9,0.2380952380952381,0.72,5,3,3.0,232,53,54,38,16,114.34666666666666,7
Fattahi8,9,0.34722222222222227,0.72,4,3,3.0,175,16,54,40,14,75.38666666666667,6
Fattahi9,9,0.4166666666666667,0.7555555555555555,3,3,3.0,108,16,34,25,9,55.82222222222222,4
